title,author,link,md5,publisher,cover_image,language,file_type,file_size,year,book_type,download_status
Data Science Essentials in Python: Collect - Organize - Explore - Predict - Value (The Pragmatic Programmers),Dmitry Zinoviev,https://annas-archive.org/md5/d64efd386ed7227592499460aca2044b,d64efd386ed7227592499460aca2044b,"Pragmatic Bookshelf, Aug 20, 2016",https://s3proxy.cdn-zlib.sk//covers299/collections/genesis/1f653048ad11edfccd3803822fa24fe65099c6bd56c7130cb6799279f739dfaa.jpg,English [en],PDF,6.4MB,2016,Book (non-fiction),success
Grokking Continuous Delivery,Christie Wilson,https://annas-archive.org/md5/89548d15c6d8800354759e8ec63c1da0,89548d15c6d8800354759e8ec63c1da0,"Manning Publications Co. LLC, 2022",https://s3proxy.cdn-zlib.sk//covers299/collections/genesis/f1a2fd84133a907e3e4949d3db2153c385bee01228b47fe29082e7bc62a43a1e.jpg,English [en],PDF,30.2MB,2022,Book (non-fiction),success
Data Science Essentials in Python: Collect - Organize - Explore - Predict - Value (The Pragmatic Programmers),Dmitry Zinoviev,https://annas-archive.org/md5/8c299c0fa998c89b14edf36b08966c8a,8c299c0fa998c89b14edf36b08966c8a,"Pragmatic Bookshelf, Aug 20, 2016",https://s3proxy.cdn-zlib.sk//covers299/collections/genesis/be6e56570baefac1a4901f71a1bdcb5432b3543b406e05b7dbbbe9c5545d6d60.jpg,English [en],EPUB,1.9MB,2016,Book (non-fiction),success
Data Science Essentials in Python: Collect - Organize - Explore - Predict - Value (The Pragmatic Programmers),Dmitry Zinoviev,https://annas-archive.org/md5/744b828ab027dc41c0c3b796c50e5064,744b828ab027dc41c0c3b796c50e5064,"Pragmatic Bookshelf, Aug 20, 2016",https://s3proxy.cdn-zlib.sk//covers299/collections/genesis/cc13650f479a0349d43f3e2530a0f1238c6d8342a994f76c326e0e86664adb19.jpg,English [en],PDF,10.9MB,2016,Book (non-fiction),success
Python in a nutshell,"Alex Martelli, Anna Ravenscroft, Steve Holden",https://annas-archive.org/md5/2e2869252b619421cb657138938da5a5,2e2869252b619421cb657138938da5a5,"O'Reilly, 1st ed., Beijing, Sebastopol, CA, China (Republic : 1949- ), 2003",https://s3proxy.cdn-zlib.sk//covers299/collections/genesis/906d23141cf746f1ac12e563a7456f69c8721829aec132c729a05e9c5cef15d6.jpg,English [en],EPUB,1.8MB,2003,Book (non-fiction),success
Data Science Essentials in Python: Collect - Organize - Explore - Predict - Value (The Pragmatic Programmers),Dmitry Zinoviev,https://annas-archive.org/md5/6b1f929ad5172bec3716c04ccf06a7b3,6b1f929ad5172bec3716c04ccf06a7b3,"Pragmatic Bookshelf, Aug 20, 2016",https://s3proxy.cdn-zlib.sk//covers299/collections/userbooks/ce69b4673b139bc80b95ee37f012bb4ac1d887a87f2c093f4861ecc606d43e11.png,English [en],PDF,6.4MB,2016,Book (non-fiction),failed
Data Science Essentials in Python: Collect - Organize - Explore - Predict - Value (The Pragmatic Programmers),Dmitry Zinoviev,https://annas-archive.org/md5/ed199f03906ed5fbc278f512c63c19b9,ed199f03906ed5fbc278f512c63c19b9,"Pragmatic Bookshelf, Aug 20, 2016",https://s3proxy.cdn-zlib.sk//covers299/collections/userbooks/e49b2bdd4d716e768f55d8145bb8dcc300a54a9b8c886394cb0c4ff3fd686b9f.jpg,English [en],EPUB,3.0MB,2016,Book (non-fiction),success
Grokking Continuous Delivery,Christie Wilson,https://annas-archive.org/md5/0a3ab92283342e3eb5838b707f6cca2b,0a3ab92283342e3eb5838b707f6cca2b,"Manning Publications Co. LLC, 2022",https://s3proxy.cdn-zlib.sk//covers299/collections/genesis/da916e09c46e8d4b2f6b4841c1da1445b136c400d65b678042a5fac8a0bebcc6.jpg,English [en],EPUB,26.5MB,2022,Book (non-fiction),success
Grokking Continuous Delivery,Christie Wilson,https://annas-archive.org/md5/be4e07dd66dc69252f370f58191fc4b8,be4e07dd66dc69252f370f58191fc4b8,"Manning Publications Co. LLC, 2022",https://s3proxy.cdn-zlib.sk//covers299/collections/genesis/f1a2fd84133a907e3e4949d3db2153c385bee01228b47fe29082e7bc62a43a1e.jpg,English [en],PDF,49.2MB,2022,Book (non-fiction),failed
"Python: Learn Python In A DAY! - The Ultimate Crash Course to Learning the Basics of Python In No Time (Python, Python Course, Python Development, Python Books, Python for Beginners)",Acodemy,https://annas-archive.org/md5/edf4afb1bb041dba579d0dfe02730219,edf4afb1bb041dba579d0dfe02730219,"Createspace Independent Publishing Platform, FR, 2015",https://s3proxy.cdn-zlib.sk//covers299/collections/genesis/359d30f70dbfd143d24be7c6652dc7639b6c8c46459e6afad6062d9aaede856c.jpg,English [en],EPUB,0.5MB,2015,Book (non-fiction),success
"Python: Learn Python Regular Expressions FAST! - The Ultimate Crash Course to Learning the Basics of Python Regular Expressions In No Time (Python, Python ... Python Regular Expressions Books)",Acodemy,https://annas-archive.org/md5/1673adb1131a1877bcc6cd81d118a92c,1673adb1131a1877bcc6cd81d118a92c,"Python, Python ... Python Regular Expressions Books, 2015",https://s3proxy.cdn-zlib.sk//covers299/collections/userbooks/61a4fb627ff400a14b5458c982676c8a30bcc767fdf7327cc54f46ed71dfbbcc.jpg,English [en],FB2,0.5MB,2015,Book (non-fiction),success
"Python: Learn Python Regular Expressions FAST! - The Ultimate Crash Course to Learning the Basics of Python Regular Expressions In No Time (Python, Python ... Python Regular Expressions Books)",Acodemy,https://annas-archive.org/md5/9a14521e24a8195f8f9752249b08a2e8,9a14521e24a8195f8f9752249b08a2e8,"Python, Python ... Python Regular Expressions Books, 2015",https://s3proxy.cdn-zlib.sk//covers299/collections/userbooks/61a4fb627ff400a14b5458c982676c8a30bcc767fdf7327cc54f46ed71dfbbcc.jpg,English [en],EPUB,0.3MB,2015,Book (non-fiction)
"Python: Learn Python Regular Expressions FAST! - The Ultimate Crash Course to Learning the Basics of Python Regular Expressions In No Time (Python, Python ... Python Regular Expressions Books)",Acodemy,https://annas-archive.org/md5/c23f8c268ddc8b1daab3865df89f1696,c23f8c268ddc8b1daab3865df89f1696,"Python, Python ... Python Regular Expressions Books, 2015",https://s3proxy.cdn-zlib.sk//covers299/collections/userbooks/61a4fb627ff400a14b5458c982676c8a30bcc767fdf7327cc54f46ed71dfbbcc.jpg,English [en],MOBI,0.4MB,2015,Book (fiction)
Python Programming for Beginners : The Ultimate Guide for Beginners to Learn Python Programming: Crash Course on Python Programming for Beginners (Python Programming Books Book 1),"Publishing, AMZ",https://annas-archive.org/md5/f87448722f0072549206b63999ec39e1,f87448722f0072549206b63999ec39e1,2021,https://s3proxy.cdn-zlib.sk//covers299/collections/genesis/487e19db716173f5a770ee51f9580b3a56eb4b22ddf11ab95a53af98445a13cc.jpg,English [en],EPUB,12.0MB,2021,Book (non-fiction)
"Python: Learn Python Regular Expressions FAST! - The Ultimate Crash Course to Learning the Basics of Python Regular Expressions In No Time (Python, Python ... Python Regular Expressions Books)",Acodemy,https://annas-archive.org/md5/9585016623a579a0b451494a899701b6,9585016623a579a0b451494a899701b6,"Python, Python ... Python Regular Expressions Books, 2015",https://s3proxy.cdn-zlib.sk//covers299/collections/userbooks/af41eec157389e6dede49b6b9ce657b94fb2bc7ad38bc901e6a0dc0677ede8c4.jpg,English [en],PDF,0.8MB,2015,Book (non-fiction)
"Python: Learn Python in 24 Hours or Less - A Beginner’s Guide To Learning Python Programming Now (Python, Python Programming)",Robert Dwight,https://annas-archive.org/md5/24d26c266283ccc904a5200dfdfa9883,24d26c266283ccc904a5200dfdfa9883,2016,https://s3proxy.cdn-zlib.sk//covers300/collections/userbooks/920286251828c770c72b9bae4f5605a8f767adbaa5059e4eb46e26dd90192318.jpg,English [en],MOBI,0.3MB,2016,Book (unknown)
Python Programming & Javascript: What Is Javascript: Will Python Replace Java: Enter Into The Programming World With Python Training,Lina Polly,https://annas-archive.org/md5/b84f2227e629e30522f543196cc0e0e7,b84f2227e629e30522f543196cc0e0e7,UNKNOWN,https://s3proxy.cdn-zlib.sk//covers299/collections/genesis/057568702e71eaa90115e8764b0d1c637959b02948591130876efd627835777d.jpg,English [en],PDF,0.4MB,Book (non-fiction),/lgli/lgrs/nexusstc/upload/zlib
"Deep Learning in Python: Master Data Science and Machine Learning with Modern Neural Networks written in Python, Theano, and TensorFlow (Machine Learning in Python)",LazyProgrammer,https://annas-archive.org/md5/32efaddce1d2f50e3c643d468c821bd4,32efaddce1d2f50e3c643d468c821bd4,"LazyProgrammer, 2016",https://s3proxy.cdn-zlib.sk//covers299/collections/genesis/b9f21629f36a60c61549dc2fd9ec9fe2e20c33bbe9f8e3582c11bb15afc0c782.jpg,English [en],EPUB,0.2MB,2016,Book (non-fiction)
Introduction to Python: 2018 Edition,"Lassoff, Mark;Hernandez, Julius",https://annas-archive.org/md5/c84e28cea51efe783847c878dae670c7,c84e28cea51efe783847c878dae670c7,"LearnToProgram.tv, LLC, 2018",https://s3proxy.cdn-zlib.sk//covers299/collections/genesis/dfede260571a06e90e7d62fe30b5aaa8b6f8c1c460e7d6691a996fa47b66dca4.jpg,English [en],EPUB,4.7MB,2018,Book (non-fiction)
Python: 3 books in 1 : Python basics for Beginners + Python Automation Techniques And Web Scraping + Python For Data Science And Machine Learning,"Vickler, Andy",https://annas-archive.org/md5/a21cf4de3eaf0187885980a5ba3538e3,a21cf4de3eaf0187885980a5ba3538e3,2021,https://s3proxy.cdn-zlib.sk//covers299/collections/genesis/44e41dedd9d1e1fb0f2383074ecf113ccd27a60b9ee61c0faa228fc9721822d7.jpg,English [en],EPUB,0.9MB,2021,Book (non-fiction)
"Python Programming For Beginners: Learn The Basics Of Python Programming (Python Crash Course, Programming for Dummies)",James Tudor,https://annas-archive.org/md5/3b832786a19a4c3e7c2ffe6c130a874a,3b832786a19a4c3e7c2ffe6c130a874a,2018,https://s3proxy.cdn-zlib.sk//covers299/collections/genesis/005cfc65618df5aae255e8fcd45e7095c48c9319a53e3321b8772e59ad30ec8f.jpg,English [en],MOBI,5.7MB,2018,Book (non-fiction)
"Learn Python: A Beginner's Guide to Python, Numpy,Pandas and Scipy","Kumar, Kishore",https://annas-archive.org/md5/cc58576ad8f9c99f0fb25476ceeb53b6,cc58576ad8f9c99f0fb25476ceeb53b6,2021,https://s3proxy.cdn-zlib.sk//covers299/collections/genesis/53d7115073e515a03c5660d3e315bd43cb548cbd506edb528eac9db49b182ae7.jpg,English [en],PDF,4.2MB,2021,Book (non-fiction)
"Python for Beginners: Learn Python Programming With No Coding Experience in 7 Days: The Easiest & Quickest Way to Learn Python Coding, Programming, Web-Programming. Be a Python Programmer",Santos Ozoemena,https://annas-archive.org/md5/9945452e461102ecc615991f80ad1642,9945452e461102ecc615991f80ad1642,"Independently Published, 2021",https://s3proxy.cdn-zlib.sk//covers299/collections/genesis/e32f49f948bf2f1d9b1d5ef6a095f9000aca9edb2dd40c76864eea783741cc97.jpg,English [en],EPUB,2.8MB,2021,Book (non-fiction)
PYTHON: 2 books in 1 : Learn python programming for beginners and machine learning,"Sanders, Willard D.",https://annas-archive.org/md5/01b1d3a77905e986d7d0e82f8a386588,01b1d3a77905e986d7d0e82f8a386588,2020,https://s3proxy.cdn-zlib.sk//covers299/collections/genesis/a6fe08c1bceebc9c74b1dfcfe0320186ebf03ede7fd625e1055b06311545597d.jpg,English [en],EPUB,1.1MB,2020,Book (non-fiction)
Python Machine Learning: How to learn Machine Learning with Python. The Complete Guide to Understand Python Machine Learning for Beginners and Artificial Intelligence,"Soranson, Oliver",https://annas-archive.org/md5/1e2e6548bd280ef78d0d46eb84682a2d,1e2e6548bd280ef78d0d46eb84682a2d,2019,https://s3proxy.cdn-zlib.sk//covers299/collections/genesis/b8eac6942b28d32467e0a9e0ef4bead45873c940fef1ca2dc4e8a7effb4d57ce.jpg,English [en],EPUB,0.9MB,2019,Book (non-fiction)
Deep Learning in Python Prerequisites: Master Data Science and Machine Learning with Linear Regression and Logistic Regression in Python (Machine Learning in Python),LazyProgrammer,https://annas-archive.org/md5/668688eac8258e646632d96706138bbb,668688eac8258e646632d96706138bbb,N/A,https://s3proxy.cdn-zlib.sk//covers299/collections/genesis/08b9755f12a48c7a94ecf2ce6bed7f97399250ecc3f8f7efb22e3770307ac430.jpg,English [en],PDF,5.1MB,Book (non-fiction),/lgli/lgrs/nexusstc/upload/zlib
Python Crash Course for Beginners: Learn Python programming from scratch with hands-on exercises in this beginner friendly Python book!,"Kean, Robert",https://annas-archive.org/md5/04b4922d649ceefd1aa994813be1d718,04b4922d649ceefd1aa994813be1d718,"UNKNOWN, 2020",https://s3proxy.cdn-zlib.sk//covers299/collections/genesis/2d3321d167614501a7773d0942406dfe39f372739b088dc445eca3d4621816ae.jpg,English [en],EPUB,1.3MB,2020,Book (non-fiction)
"PYTHON: Learn Coding Programs with Python Programming and Master Data Analysis & Analytics, Data Science and Machine Learning with the Complete Python for Beginners Crash Course - 4 Books in 1","Academy, Tech Ed",https://annas-archive.org/md5/11d4a651f12ca0e6c07a512c2abc605c,11d4a651f12ca0e6c07a512c2abc605c,2020,https://s3proxy.cdn-zlib.sk//covers299/collections/genesis/c10f622301efa8f516a7c0edb58be9f778fe541b3068d892c776b00a79063cf0.jpg,English [en],EPUB,14.9MB,2020,Book (non-fiction)
"Python Machine Learning: Machine Learning And Deep Learning From Scratch Illustrated With Python, Scikit-Learn, Keras, Theano And Tensorflow",Moubachir Madani Fadoul,https://annas-archive.org/md5/0a890bb9860d8267bfe82d8adef12f37,0a890bb9860d8267bfe82d8adef12f37,2020,https://s3proxy.cdn-zlib.sk//covers299/collections/genesis/848b0029999868bda554c1a9fe116dfd17bbfca7cfaa7e6914744cdca40c0ab3.jpg,English [en],PDF,1.3MB,2020,Book (non-fiction)
Python Numpy and Python Scikit for Beginners,JP PARKER,https://annas-archive.org/md5/8c047896abee9c8a056a96ac7a53d25e,8c047896abee9c8a056a96ac7a53d25e,2023,https://libgen.li/covers/5501000/8c047896abee9c8a056a96ac7a53d25e.jpg,English [en],EPUB,0.3MB,2023,Book (non-fiction)
Python Arrays for Beginners and Python Loops,"PARKER, JP",https://annas-archive.org/md5/4f5585db878073f45aab66a304a35df2,4f5585db878073f45aab66a304a35df2,"Independently Published, 2023",https://libgen.li/covers/5507000/4f5585db878073f45aab66a304a35df2.jpg,English [en],EPUB,0.3MB,2023,Book (non-fiction)
Introduction to Programming with Python - Python Programming for Beginners: Learn to Code - Learn Python - Python Tutorial - Object Oriented Programming Python (Software Development Training Book 1),Vivian Bailey & Thomas Kirby,https://annas-archive.org/md5/b800f225c50e21f560038cab4d7ba013,b800f225c50e21f560038cab4d7ba013,"Software Engineering Publishing Co, Software Development Training 1, 2015",https://s3proxy.cdn-zlib.sk//covers299/collections/userbooks/c23a6706d465288b4dfdedc656889b3d42e4b3249b3917925c4eda405f285d4f.jpg,English [en],MOBI,0.4MB,2015,Book (non-fiction)
"Microsoft Python Certification Exam 98-281 & PCEP –Preparation Guide: Introduction To Programming Using Python, PCEP – Certified Entry Level Python Programmer","Raman, Archith; Raman, Dhyanashri; Raman, R; Publications, Raman",https://annas-archive.org/md5/83aebafa459f051b55d7d92767ea0f36,83aebafa459f051b55d7d92767ea0f36,"Independently published, 2021",https://s3proxy.cdn-zlib.sk//covers299/collections/genesis/4f6ce0a6507c07094616f8b9ae31234f8bd3204a2c7b0b2db5fde4c4f27a083f.jpg,English [en],EPUB,2.0MB,2021,Book (non-fiction)
Python: 2 books in 1: Python For Beginners + Python Programming . Master the machine language Data Science Analysis and Artificial intelligence. Exercises included!,Marc Matthes,https://annas-archive.org/md5/07d02e19d3875255ad77d951312dd5ed,07d02e19d3875255ad77d951312dd5ed,N/A,https://s3proxy.cdn-zlib.sk//covers299/collections/genesis/f46c6834c7c16ddea54ac8429764c27213fd3e91d776ba2beca8cd9ceeaf8164.jpg,English [en],PDF,1.4MB,Book (non-fiction),/lgli/lgrs/nexusstc/upload/zlib
python for data analysis: the python crash course comprehensive the programming from the ground up to python,"cannon, jason",https://annas-archive.org/md5/a5b5fb7f9866842dffc00587cca1f046,a5b5fb7f9866842dffc00587cca1f046,2020,https://s3proxy.cdn-zlib.sk//covers299/collections/genesis/4a5d39bbf6b80ae68d07db990d07b5f260b455505c7293158ecbd5c26716b35d.jpg,English [en],EPUB,4.8MB,2020,Book (non-fiction)
Python. 70 recipes for creating engineering and transforming features to build machine learning models 1,David Markus,https://annas-archive.org/md5/b2997fffbdfb8b8d4a70ede571234d09,b2997fffbdfb8b8d4a70ede571234d09,"ProVersus, 1, 2021",https://s3proxy.cdn-zlib.sk//covers299/collections/genesis/91ab867f3b438c7873d1f9a0926cd97a14509e7b5254536bc991e5cb1c0d5d19.jpg,English [en],PDF,7.3MB,2021,Book (non-fiction)
Python深度学习第二版(GPT双语),it-ebooks,https://annas-archive.org/md5/f941c8a06dc6f6dc78ec65d9b6720aaf,f941c8a06dc6f6dc78ec65d9b6720aaf,"iBooker it-ebooks, it-ebooks-extra, 2021",https://libgen.li/covers/5344000/f941c8a06dc6f6dc78ec65d9b6720aaf.jpg,English [en],EPUB,4.4MB,2021,Book (non-fiction)
Ethical Hacking with Python: Developing Cybersecurity Tools,Nate Phoetean,https://annas-archive.org/md5/22af9c79791bac3117e8eb9be73feb0d,22af9c79791bac3117e8eb9be73feb0d,"Independently Published, 2024",https://libgen.li/covers/5533000/22af9c79791bac3117e8eb9be73feb0d.jpg,English [en],PDF,150.2MB,2024,Book (non-fiction)
"Python: Python Mastery. ""A Code like a Pro"" Guide for Python Beginners (Python Programming, Programming For Beginners, Machine Learning, Informatics, Learn ... Fast, Crash Course,(FREE BONUS BOOK))","Bates, Jonathan [Bates, Jonathan]",https://annas-archive.org/md5/a2e7b9bed6056b27c1af2f70ff71ce2f,a2e7b9bed6056b27c1af2f70ff71ce2f,"Python, 2016",https://s3proxy.cdn-zlib.sk//covers299/collections/genesis/f39fdd67831e42f032c731e743c7fd2ddac2b84d80db0f614373adc489868ebc.jpg,English [en],AZW3,0.3MB,2016,Book (non-fiction)
"PYTHON FUNDAMENTALS : a practical guide for learning python, complete with real-world ... projects for you to explore","Marvin, Ryan, Ng'ang'a, Mark, Omondi, Amos",https://annas-archive.org/md5/4ae2da735a6b15587ae33ef189b42674,4ae2da735a6b15587ae33ef189b42674,"PACKT Publishing Limited, Packt Publishing, Birmingham, 2018",https://s3proxy.cdn-zlib.sk//covers299/collections/genesis/1448f8874b82bc76897f018ae57e27c3a9fbdc58f41c7af1e5c4688af7cf29f5.jpg,English [en],EPUB,3.9MB,2018,Book (non-fiction)
Python Basics: Python Programming Net Intermediate: Development Level Python,"Otinger, Nguyet",https://annas-archive.org/md5/41e3a2f506788e961244e1b7f88d570e,41e3a2f506788e961244e1b7f88d570e,"UNKNOWN, 2021",https://s3proxy.cdn-zlib.sk//covers299/collections/genesis/3886d82aec4ff2141d21b152115cc6b1e1099f183fb92cd24b25f7cdcf2cb4d1.jpg,English [en],EPUB,6.3MB,2021,Book (non-fiction)
Python Basics: A Beginner’s Guide,Anwaar,https://annas-archive.org/md5/e3b53060e030250e21e605daf2f2d213,e3b53060e030250e21e605daf2f2d213,N/A,https://libgen.li/covers/6507000/e3b53060e030250e21e605daf2f2d213.jpg,English [en],EPUB,0.8MB,Book (non-fiction),/lgli/lgrs
Illustrated Guide to Python 3: A Complete Walkthrough of Beginning Python with Unique Illustrations Showing how Python Really Works. Now covers Python 3.6,"Harrison, Matt",https://annas-archive.org/md5/9d5fec7eee57cad9be44a442aecb7d78,9d5fec7eee57cad9be44a442aecb7d78,"hairysun.com, Treading on Python 4, 2017",https://s3proxy.cdn-zlib.sk//covers299/collections/genesis/9e84d3d196963ae7d3c0cbccc400b8000d5173015fdf8f39fb3dd3f2fb58f978.jpg,English [en],PDF,7.6MB,2017,Book (non-fiction)
"Python 3 MCQ - Multiple Choice Questions n Answers for Tests, Quizzes - Python Students & Teachers",S. C. Lewis,https://annas-archive.org/md5/24239ce9674b22d19f6568573e654c24,24239ce9674b22d19f6568573e654c24,"0.096, 2016",https://s3proxy.cdn-zlib.sk//covers299/collections/genesis/39b53765be98d16bd8316a79f36e942317cfae23d71848a85ccd2c50bcde5033.jpg,English [en],PDF,0.5MB,2016,Book (non-fiction)
Python: Learn Python in One Day and Learn It Well. Python for Beginners with Hands-on Project,"Publishing, LCF;Chan, Jamie",https://annas-archive.org/md5/2130d7cd92c7cd81a48addfdb382fda6,2130d7cd92c7cd81a48addfdb382fda6,"Learn Coding Fast, Learn Coding Fast with Hands-On Project 1, 2014",https://s3proxy.cdn-zlib.sk//covers299/collections/genesis/55caac89defbd3dffa0c02aac214a6e3841771fcbc723a7191f8aa149437a6aa.jpg,English [en],MOBI,0.3MB,2014,Book (non-fiction)
Introduction to Python Programming (Revision 2020),Pavel Solin,https://annas-archive.org/md5/00ec6b253eef39450bae71865f3b0e9e,00ec6b253eef39450bae71865f3b0e9e,2020,https://libgen.li/covers/5402000/00ec6b253eef39450bae71865f3b0e9e.jpg,English [en],PDF,7.9MB,2020,Book (non-fiction)
Deep Learning in Python Prerequisites: Master Data Science and Machine Learning with Linear Regression and Logistic Regression in Python (Machine Learning in Python),LazyProgrammer,https://annas-archive.org/md5/eff0240ced510b05a3f091894e8ac0f2,eff0240ced510b05a3f091894e8ac0f2,2016,https://s3proxy.cdn-zlib.sk//covers299/collections/genesis/4c0a8d2b46a8591e91701a261eebea03d7ed7f1770fa30d0c9d0fa0d77e5df76.jpg,English [en],EPUB,0.2MB,2016,Book (non-fiction)
Python Game Programming By Example: Python Games: From Basics to Advanced Techniques,"kpk, success",https://annas-archive.org/md5/175ce408dc74660130ab988b6784719d,175ce408dc74660130ab988b6784719d,2024,https://libgen.li/covers/5657000/175ce408dc74660130ab988b6784719d.jpg,English [en],EPUB,2.1MB,2024,Book (non-fiction)
Quantitative Finance with Python: A Deep Dive into Financial Modelling and Analysis (Python for Finance Book 5),"Van Der Post, Hayden",https://annas-archive.org/md5/65cf422eaf41b8c93208c4fbe7c253d6,65cf422eaf41b8c93208c4fbe7c253d6,"Reactive Publishing, Python for Finance, 2023",https://s3proxy.cdn-zlib.sk//covers299/collections/userbooks/726df238a65efce4f5f055cdc3b7cccbe69173e28719974c35c2049eb6eb8e5d.jpg,English [en],EPUB,2.1MB,2023,Book (non-fiction)
Python for Everybody  Exploring Data in Python 3,"Charles Russell Severance, Sue Blumenberg",https://annas-archive.org/md5/6bcd7d392fe366ba2f544646cfc5049a,6bcd7d392fe366ba2f544646cfc5049a,"CreateSpace Independent, 2016",https://s3proxy.cdn-zlib.sk//covers299/collections/genesis/719813e4a21fc14e613489ff05f22232e6e94df4c830e82387d92a2e16ce63a3.jpg,English [en],PDF,2.4MB,2016,Book (non-fiction)
Python for Data Analysis: Master Deep Learning with Python Language and Become Great at Programming Python for Beginners with Hands-on Project (Data Science),"Scratch, Jason",https://annas-archive.org/md5/aa2fa7a6414fafd5501943e0b52e0a4a,aa2fa7a6414fafd5501943e0b52e0a4a,2020,https://s3proxy.cdn-zlib.sk//covers299/collections/genesis/04cf71ca9eaa9c925ef4316384c38c50122c3ab5b4318297d6202df56d41f01a.jpg,English [en],EPUB,4.3MB,2020,Book (non-fiction)
"PYTHON: Learn Coding Programs with Python Programming and Master Data Analysis & Analytics, Data Science and Machine Learning with the Complete Python for Beginners Crash Course - 4 Books in 1","Academy, Tech Ed",https://annas-archive.org/md5/da53ce76c681277d805bfbea90f1e7cb,da53ce76c681277d805bfbea90f1e7cb,2020,https://s3proxy.cdn-zlib.sk//covers299/collections/userbooks/1a2bf17c9438998d9a63289d710a556e7cd5076b8eb12969f02c50b36dd43bf9.jpg,English [en],LIT,10.9MB,2020,Book (non-fiction)
Computing With Python  An Introduction to Python for Science & Engineering,Claus Fuher,https://annas-archive.org/md5/d309d3e96c80f4211545292c3796e32d,d309d3e96c80f4211545292c3796e32d,"Pearson, 2013",https://s3proxy.cdn-zlib.sk//covers299/collections/genesis/355fc7ae369f46b8090e53b949bccac6f8f6a89dbe6937ad569db352e762b897.jpg,English [en],PDF,34.8MB,2013,Book (non-fiction)
"Python Programming: Learn Python in a Week and Master It. An Hands-On Introduction to Computer Programming and Algorithms, a Project-Based Guide with Practical Exercises (7 Days Crash Course, Book 1)","Academy, Computer Programming",https://annas-archive.org/md5/1d6f152d8d078e8d012058758765b673,1d6f152d8d078e8d012058758765b673,"7 Days Crash Course, 1, 2020",https://s3proxy.cdn-zlib.sk//covers299/collections/genesis/3ac5df290ea25710bc3523d7af14dd5606df3b41a559d927cdf286658b2ecc25.jpg,English [en],EPUB,3.8MB,2020,Book (non-fiction)
"Learning in Python: Study Data Science and Machine Learning including Modern Neural Networks produced in Python, Theano, and TensorFlow","K, K.M.",https://annas-archive.org/md5/82142f3bf6ea7f0d5fcd518fce9ce465,82142f3bf6ea7f0d5fcd518fce9ce465,2021,https://s3proxy.cdn-zlib.sk//covers299/collections/genesis/90f962cbc3a9214bd8ded57368df65585b87959d35c57edb482ecfa38b174f9d.jpg,English [en],EPUB,1.7MB,2021,Book (non-fiction)
Building AI Intensive Python Applications: Create intelligent apps with LLMs and vector databases,"Rachelle Palmer, Ben Perlmutter, Ashwin Gangadhar, Nicholas Larew, Sigfrido Narváez, Thomas Rueckstiess, Henry Weller, Richmond Alake, Shubham Ranjan",https://annas-archive.org/md5/66ff533ef9f03cb7ce0fb5fee765d4a8,66ff533ef9f03cb7ce0fb5fee765d4a8,"Packt Publishing, 2024",https://libgen.li/covers/5702000/66ff533ef9f03cb7ce0fb5fee765d4a8.jpg,English [en],RAR,10.6MB,2024,Book (non-fiction)
Hacking with Python - The Complete Beginner's Course to Learn Ethical Hacking With Python in 7 Clear-Cut Lessons - Including Dozens of Practical Examples & Exercises,Alphy Books,https://annas-archive.org/md5/ae98c4220c6bf26d96cb68325fccef35,ae98c4220c6bf26d96cb68325fccef35,N/A,https://libgen.li/covers/5510000/ae98c4220c6bf26d96cb68325fccef35.jpg,English [en],PDF,1.0MB,Book (non-fiction),/lgli/lgrs/nexusstc
Deep Learning in Python Prerequisites,LazyProgrammer,https://annas-archive.org/md5/1a6cb217697a42f7e6d5a0d9f92cee5f,1a6cb217697a42f7e6d5a0d9f92cee5f,2016,https://s3proxy.cdn-zlib.sk//covers299/collections/genesis/d8de077fb486e0fd505d8a690cbdf87c69cb2f103204b3d31ab7ee8bb57f394f.jpg,English [en],MOBI,0.4MB,2016,Book (non-fiction)
Introduction to Programming with Python - Python Programming for Beginners,Vivian Bailey,https://annas-archive.org/md5/967bf8f8659fa1fa1afba644f7937850,967bf8f8659fa1fa1afba644f7937850,"Software Engineering Pub Co, Software Development Training Book 1, 1, 2015",https://s3proxy.cdn-zlib.sk//covers299/collections/genesis/58aa2de44475163a4c53e5253f6f158d66154155d225f13af660af96e7663039.jpg,English [en],PDF,0.5MB,2015,Book (non-fiction)
Understanding Fourier Transforms with Python: A Practical Approach,"Publishing, Reactive; Van Der Post, Hayden",https://annas-archive.org/md5/8c321f7be97884efc06dca8b7782b91d,8c321f7be97884efc06dca8b7782b91d,"Reactive Publishing, 2024",https://libgen.li/covers/5686000/8c321f7be97884efc06dca8b7782b91d.jpg,English [en],EPUB,0.7MB,2024,Book (non-fiction)
Modern Python Cookbook : 130+ Updated Recipes for Modern Python 3.12 with New Techniques and Tools,Steven F. Lott,https://annas-archive.org/md5/4f6e597695f5faf303dd07888a6e5820,4f6e597695f5faf303dd07888a6e5820,"Packt Publishing, Limited, 3, 2024",https://libgen.li/covers/5695000/4f6e597695f5faf303dd07888a6e5820.jpg,English [en],RAR,14.2MB,2024,Book (non-fiction)
Coffee Break Python - Mastery Workout: 99 Tricky Python Puzzles to Push You to Programming Mastery,"Christian Mayer, Lukas Rieger, Adrian Chan",https://annas-archive.org/md5/07f54023ab7a41bcbe887da4cc3ce5ff,07f54023ab7a41bcbe887da4cc3ce5ff,"finxter.com, 2020",https://s3proxy.cdn-zlib.sk//covers299/collections/genesis/3875dcb6f58d31dd5440a3c4625d4f014c6dc19cbfe245f1490b077377e3bf15.jpg,English [en],PDF,8.5MB,2020,Book (non-fiction)
Python for Accounting: The comprehensive guide to introducing python into your accounting workflow,"Van Der Post, Hayden",https://annas-archive.org/md5/9fa1e2fec28795d89518d4f928ba7c96,9fa1e2fec28795d89518d4f928ba7c96,"Reactive Publishing, --, --, --, 2023",https://s3proxy.cdn-zlib.sk//covers299/collections/userbooks/bc470c234e97e98fe6520f8980b5467e93b235f029ec033bc6e7ea5e907982d4.jpg,English [en],EPUB,2.2MB,2023,Book (non-fiction)
Python Booleans and Python Data Structures Unveiled: 2 Books in 1,"PARKER, JP",https://annas-archive.org/md5/73105d08554878dddf5bbd374cee4c84,73105d08554878dddf5bbd374cee4c84,"Independently Published, 2024",https://libgen.li/covers/5683000/73105d08554878dddf5bbd374cee4c84.jpg,English [en],EPUB,0.3MB,2024,Book (non-fiction)
"Python: Python Programming For Beginners - The Comprehensive Guide To Python Programming: Computer Programming, Computer Language, Computer Science (Machine Language)",Adam Stark,https://annas-archive.org/md5/dc845ab70cd069a165f7ddb100032aea,dc845ab70cd069a165f7ddb100032aea,"UNKNOWN, 1st edition, Place of publication not identified, 2016",https://s3proxy.cdn-zlib.sk//covers300/collections/userbooks/4e70791bc6b407625a84368c8848ac87881023ca59e548dbc19f1e7c78d7b882.jpg,English [en],MOBI,0.2MB,2016,Book (unknown)
Python: Real-World Data Science,"Sebastian Raschka, Robert Layton, Martin Czygan, Phuong Vo.T.H, Fabrizio Romano, Dusty Phillips",https://annas-archive.org/md5/757fe7ddffe2160462e06d9354b6b6ae,757fe7ddffe2160462e06d9354b6b6ae,"Packt Publishing, 2018",https://s3proxy.cdn-zlib.sk//covers299/collections/genesis/1b9c500fad1bb3fa3ebfb1278ee495c778f07c95e7ffb3c970672cded8ce6405.jpg,English [en],EPUB,57.6MB,2018,Book (non-fiction)
Real Python: Python Programming By Example,Heisler F.,https://annas-archive.org/md5/4d6ba7b0a16a62c3e1f842a1106e9e48,4d6ba7b0a16a62c3e1f842a1106e9e48,N/A,https://s3proxy.cdn-zlib.sk//covers299/collections/genesis/53a676d6114209b510df07202929d19df5fb79ea03cea561b7c4212ff522211e.jpg,English [en],PDF,1.6MB,Book (non-fiction),/lgli/lgrs/nexusstc/zlib
Beginning Python: Using Python 2.6 and Python 3.1 (Wrox Programmer to Programmer),James Z. Payne,https://annas-archive.org/md5/c599111acd722bd1d23a513d0a534b1e,c599111acd722bd1d23a513d0a534b1e,"Wrox [Imprint] John Wiley & Sons, Incorporated, Wrox Programmer to Programmer, Original, 2010",https://s3proxy.cdn-zlib.sk//covers299/collections/genesis/895d4e6f33e69612ded0d110eba313eb8d58ca1c3253d914fc763cf0623bf694.jpg,English [en],PDF,4.6MB,2010,Book (non-fiction)
Python For Beginners : A Genius Guide to Python Programing,Edward Thornton,https://annas-archive.org/md5/ece960300e3d617fbda94bc861d40851,ece960300e3d617fbda94bc861d40851,"Barnes & Noble Press, 2021",https://s3proxy.cdn-zlib.sk//covers299/collections/genesis/d410c67254c407b5bc777cd1388b96ec38aa2ff87af187fc8ea9950418c4e960.jpg,English [en],MOBI,1.4MB,2021,Book (non-fiction)
PYTHON PROGRAMMING: Python Programming Final Getting Started Guide with Step-by-Step Guidance and Hands Examples.,"FOSTER, JOHN",https://annas-archive.org/md5/0b280579e79da74b4658c4e75c2f3613,0b280579e79da74b4658c4e75c2f3613,2020,https://s3proxy.cdn-zlib.sk//covers299/collections/genesis/718462c66916cc66fd9358299933cc9562b6e6fc82869584891d99637b64cb35.jpg,English [en],EPUB,2.6MB,2020,Book (non-fiction)
Python Fundamentals for Finance: A survey of Algorithmic Options trading with Python,"Van Der Post, Hayden",https://annas-archive.org/md5/17ca785e9fbb02799e0102886eebd98b,17ca785e9fbb02799e0102886eebd98b,"Reactive Publishing, 2024",https://s3proxy.cdn-zlib.sk//covers299/collections/userbooks/80a6636d1d3b67bcf01e6eb99124f22190b9b14471f8565f991d5b143babdda7.jpg,English [en],EPUB,3.4MB,2024,Book (non-fiction)
Effortless Introduction to Python For All Ages: A languid stroll through the garden of Python concepts,coide hero academy,https://annas-archive.org/md5/764aef0d5d73276c0d8a4da4cf838843,764aef0d5d73276c0d8a4da4cf838843,"Independently Published, 2024",https://s3proxy.cdn-zlib.sk//covers299/collections/userbooks/4d20be91941a82a94dc80282d056a018cc76cfc5f8918aeaeebbc67351505317.jpg,English [en],PDF,8.8MB,2024,Book (non-fiction)
Chaos Engineering with Python : Python-powered techniques for building resilent systems through chaos engineering,"Mandeep Ubhi,",https://annas-archive.org/md5/7873778cd94e90ca836bc5a22210d455,7873778cd94e90ca836bc5a22210d455,"BPB Publications, 2025",https://libgen.li/covers/6531000/7873778cd94e90ca836bc5a22210d455.jpg,English [en],EPUB,7.3MB,2025,Book (non-fiction)
PYTHON: THE NO-NONSENSE GUIDE: Learn Python Programming Within 12 Hours! (Including a FREE Python Cheatsheet & 50+ Exercises With Original Python Files ) (Cyberpunk Programming Series),Cyberpunk University,https://annas-archive.org/md5/0c02d4dd4fe4d96ae266ffdcc57ac63b,0c02d4dd4fe4d96ae266ffdcc57ac63b,"CreateSpace Independent Publishing Platform, 2017-01-17",https://s3proxy.cdn-zlib.sk//covers299/collections/genesis/7e12a354bfbed9d39d528bfcb1816d88950431a5ec66fae806979adea37f04d9.jpg,English [en],EPUB,0.6MB,2017,Book (non-fiction)
PYTHON: 2 Books in 1: Python Programming & Data Science. Master Data Analysis in Less than 7 Days and Discover the Secrets of Machine Learning with Step-by-Step Exercises,"Callaway, Jason",https://annas-archive.org/md5/98202abc5edbb633fb95a46fdb14921b,98202abc5edbb633fb95a46fdb14921b,2020,https://s3proxy.cdn-zlib.sk//covers299/collections/genesis/bd0c0650cc0b5265899ea2167aa49551da72e26dbe79beb2ab50c043c39862aa.jpg,English [en],EPUB,3.3MB,2020,Book (non-fiction)
Python Numpy and Pandas for Beginners: Unleash the Power of Data Science With Easy-to-follow Tutorials,J. P. Parker,https://annas-archive.org/md5/f934d439fac321b44f2c81549c3d36af,f934d439fac321b44f2c81549c3d36af,"Independently Published, 2023",https://libgen.li/covers/5498000/f934d439fac321b44f2c81549c3d36af.jpg,English [en],EPUB,0.3MB,2023,Book (non-fiction)
QuantLib Python Cookbook: Hands-On Quantitative Finance in Python,"Goutham Balaraman, Luigi Ballabio",https://annas-archive.org/md5/59597c2a89edb13e9fb80e81af522beb,59597c2a89edb13e9fb80e81af522beb,N/A,https://s3proxy.cdn-zlib.sk//covers299/collections/genesis/465e9e0f3246a577d74880a6fa0ca215a475acf1687c40997677b3b4dced5392.jpg,English [en],PDF,8.4MB,Book (non-fiction),/lgli/lgrs/nexusstc/zlib
Python Numpy And Python Data Types For Beginners - 2 Books In 1,"PARKER, JP",https://annas-archive.org/md5/411ffc4d4e54760fc42a35a8312fe6a9,411ffc4d4e54760fc42a35a8312fe6a9,"Independently Published, 2024",https://libgen.li/covers/5519000/411ffc4d4e54760fc42a35a8312fe6a9.jpg,English [en],EPUB,0.3MB,2024,Book (non-fiction)
Python Game Development,Alejandro Garcia,https://annas-archive.org/md5/786ec9e6961d83c1d76d1f7793983eaf,786ec9e6961d83c1d76d1f7793983eaf,"leanpub.com, 2020",https://s3proxy.cdn-zlib.sk//covers299/collections/genesis/e3466705f5a6192c9b4a011b3c2c0bc3286d3b40a1f6d0275452877d78a6f030.jpg,English [en],EPUB,2.2MB,2020,Book (non-fiction)
"Python: Python Programming For Beginners - The Comprehensive Guide To Python Programming: Computer Programming, Computer Language, Computer Science (Machine Language)",Adam Stark,https://annas-archive.org/md5/50f422b5529cb76b1185fd1b7dac39af,50f422b5529cb76b1185fd1b7dac39af,"UNKNOWN, 1st edition, Place of publication not identified, 2016",https://s3proxy.cdn-zlib.sk//covers300/collections/userbooks/4e70791bc6b407625a84368c8848ac87881023ca59e548dbc19f1e7c78d7b882.jpg,English [en],AZW3,0.2MB,2016,Book (unknown)
Machine Learning with Python: A Step by Step Guide for Absolute Beginners to Program Artificial Intelligence with Python. Neural Networks and Data Science from Pre-Processing to Deep Learning,"CODING, MARK",https://annas-archive.org/md5/596d89e2e356c06e6165f0525d8554d8,596d89e2e356c06e6165f0525d8554d8,2020,https://s3proxy.cdn-zlib.sk//covers299/collections/userbooks/4e881b6a48b7d53255647db907c0ee662133649e9fc104264150bf1154bcf18e.jpg,English [en],FB2,2.4MB,2020,Book (non-fiction)
"PYTHON: Learn Coding Programs with Python Programming and Master Data Analysis & Analytics, Data Science and Machine Learning with the Complete Python for Beginners Crash Course - 4 Books in 1","Academy, Tech Ed",https://annas-archive.org/md5/9acb5a4e8278a79d1083a1d9f89eba19,9acb5a4e8278a79d1083a1d9f89eba19,2020,https://s3proxy.cdn-zlib.sk//covers299/collections/userbooks/1a2bf17c9438998d9a63289d710a556e7cd5076b8eb12969f02c50b36dd43bf9.jpg,English [en],FB2,14.9MB,2020,Book (non-fiction)
Treading on Python Volume 1: Foundations of Python,"Harrison, Matt",https://annas-archive.org/md5/fe91a9ad694803ba81bb5a2eb26c721d,fe91a9ad694803ba81bb5a2eb26c721d,2011,https://s3proxy.cdn-zlib.sk//covers299/collections/genesis/9e1ea74c9d54dec9cbfdc27ccd7481332942996ae6b84a6a1ac494e6e4101d32.jpg,English [en],MOBI,0.4MB,2011,Book (non-fiction)
PYTHON PROGRAMMING: A Complete Overview to Master The Art of Data Science From Scratch Using Python for Business,"Whistler, Mark",https://annas-archive.org/md5/1287af2a3e5d379a78ccb5b5c450fd85,1287af2a3e5d379a78ccb5b5c450fd85,2020,https://s3proxy.cdn-zlib.sk//covers299/collections/genesis/d62003e95a3a569363f30fa94071631d957017b4e290d736a47ac94029f98922.jpg,English [en],EPUB,1.2MB,2020,Book (non-fiction)
Pythonomics: coding strategies to python in economics: A Comprehensive guide to the application of python programming in economics,"Van Der Post, Hayden",https://annas-archive.org/md5/a242ac92b08a3574f587109279778a54,a242ac92b08a3574f587109279778a54,"Reactive Publishing, 2023",https://s3proxy.cdn-zlib.sk//covers299/collections/userbooks/ad77c6bee3646b540799e972e63ac1daba9067880f7040c8f9d20b7876b6c917.jpg,English [en],EPUB,1.6MB,2023,Book (non-fiction)
Python Programming for Beginners: The Simplified Beginner's Guide to Mastering Python Programming in One Week,"Gowen, Mark",https://annas-archive.org/md5/fd1812d07b1c48f87e69d420e5f5872e,fd1812d07b1c48f87e69d420e5f5872e,"Independently published, 2023",https://s3proxy.cdn-zlib.sk//covers299/collections/userbooks/4143b18d2737cccfcd6d5d601275ead5c48b0a43efa47ee0dd007c1db993b549.jpg,English [en],PDF,4.4MB,2023,Book (non-fiction)
"Python Programming: Python Programming for Beginners, Python Programming for Intermediates",Adam Stewart,https://annas-archive.org/md5/075d26750a7fb8af9464074a11f75765,075d26750a7fb8af9464074a11f75765,2017,https://libgen.li/covers/2925000/075d26750a7fb8af9464074a11f75765.jpg,English [en],EPUB,0.6MB,2017,Book (non-fiction)
"Software Architecture with Python : Architect and Design Highly Scalable, Robust, Clean, and Highly Performant Applications in Python","Pillai, Anand Balachandran",https://annas-archive.org/md5/c419723b461afe38d42a21d4697a049a,c419723b461afe38d42a21d4697a049a,"Packt Publishing Limited, Packt Publishing, Birmingham, UK, 2017",https://s3proxy.cdn-zlib.sk//covers299/collections/genesis/c9d83e4137acc4ad25cbddb1971e416b64f3a990e5f98258c838e66df9b8f52e.jpg,English [en],EPUB,24.6MB,2017,Book (non-fiction)
"Python for Algorithmic Trading Cookbook : Recipes for Designing, Building, and Deploying Algorithmic Trading Strategies with Python",Jason Strimpel,https://annas-archive.org/md5/d941a9a6845663c5ae1d1df374f4b010,d941a9a6845663c5ae1d1df374f4b010,"Packt Publishing, Limited, Packt Publishing, Birmingham, 2024",https://libgen.li/covers/5690000/d941a9a6845663c5ae1d1df374f4b010.jpg,English [en],RAR,20.4MB,2024,Book (non-fiction)
"Python: Academy - The Stress Free Way To Learning Python Inside & Out - Beginner (free Books, Python Programming For Beginners, Python For Informatics)",I. T. Academy,https://annas-archive.org/md5/b85b2ccd612f90ea9644fa39f7cd3f61,b85b2ccd612f90ea9644fa39f7cd3f61,"Createspace Independent Publishing Platform, 2016-02-01",https://s3proxy.cdn-zlib.sk//covers299/collections/genesis/6f6ec8c03ae602574e0c587a4e1c60c938fd747cbaeb10b4da409559ffad8146.jpg,English [en],PDF,11.8MB,2016,Book (non-fiction)
Complete Guide For Python Programming: Quick & Easy Guide To Learn Python (Python Programming For Beginners Book 2),"Long, James P.",https://annas-archive.org/md5/09b72b87b8e33121409140d95567d570,09b72b87b8e33121409140d95567d570,"James P. Long, Python Programming For Beginners 2, 2015",https://s3proxy.cdn-zlib.sk//covers299/collections/userbooks/011b077ab08a7f018ccccb6fffa2618ae627a0e5e0951b8994e7df74e1ccfb45.jpg,English [en],EPUB,0.3MB,2015,Book (fiction)
Learning Python: Powerful Object-Oriented Programming,"Lutz, Mark",https://annas-archive.org/md5/5c1e1ce623d61b8d9f433167813c8e96,5c1e1ce623d61b8d9f433167813c8e96,"O'Reilly Media, Incorporated, 4th ed, Sebastopol, CA, 2009",https://s3proxy.cdn-zlib.sk//covers299/collections/genesis/a7e98df3eb5d3e9ceda9d7372bd9f07f1a585ebc8c0798fb7c0f9ce516c70fb9.jpg,English [en],PDF,7.8MB,2009,Book (non-fiction)
PYTHON OBJECT-ORIENTED PROGRAMMING: Adventures with Python and Processing Playground,"BM, Roger",https://annas-archive.org/md5/3963e1d4c150410cd420fdf3a1e175f4,3963e1d4c150410cd420fdf3a1e175f4,"Autopublished, 2024",https://s3proxy.cdn-zlib.sk//covers299/collections/userbooks/d1f9cf16dfe75a5e3bd1d2e0b24c5488865b38e8ac137d79f2353d0a94fb1bcf.jpg,English [en],EPUB,13.9MB,2024,Book (non-fiction)
Python Programming: The Crash Course To Learn How To Master Python Coding Language With PRACTICAL Exercises To APPLY Theory And Some TIPS And TRICKS To Learn Faster Computer Programming,"Mining, Joseph",https://annas-archive.org/md5/7cca663b648e0cf5a0a904fb69231875,7cca663b648e0cf5a0a904fb69231875,2019,https://s3proxy.cdn-zlib.sk//covers299/collections/genesis/711703773f6d614b24813a187f335a537845d7dc02a300f70e971364b001e8f4.jpg,English [en],EPUB,0.5MB,2019,Book (non-fiction)
Python Codex Techniques for Mastering Python Volume I,Joinathnan Froiland,https://annas-archive.org/md5/9e3714720f3401ea13c2e6b8c1321548,9e3714720f3401ea13c2e6b8c1321548,"Independently Published, 2024",https://s3proxy.cdn-zlib.sk//covers299/collections/userbooks/8b14165bc47f4a24f2ed6e732dfa8c4cf0a6500bbbf9d03ceb10dd4f35f4d8d5.jpg,English [en],PDF,25.7MB,2024,Book (non-fiction)
Python Data Science: Deep Learning Guide for Beginners with Data Science. Python Programming and Crush Course.,Robert Hack,https://annas-archive.org/md5/7fb4618f23341c010b524a7844ac7d16,7fb4618f23341c010b524a7844ac7d16,N/A,https://s3proxy.cdn-zlib.sk//covers299/collections/genesis/bb9df47ff6614ae6f3cfaf9cea10489f2b47c4285b57e4b492d974718ab1e330.jpg,English [en],EPUB,4.6MB,Book (non-fiction),/lgli/lgrs/nexusstc/zlib
Python: Learn Python In A DAY! - The Ultimate Crash Course to Learning the Basics of Python In No Time,Acodemy [Acodemy],https://annas-archive.org/md5/652df48b559e0121d4a87f02b6e4f8bd,652df48b559e0121d4a87f02b6e4f8bd,2015,https://s3proxy.cdn-zlib.sk//covers299/collections/userbooks/2f0ce8c65ad4632e47abb6b918d93b458089596c6eeaa43e862443bd6911ba58.jpg,English [en],EPUB,0.5MB,2015,Book (non-fiction)
MACHINE LEARNING WITH PYTHON: Step by Step methods to master Machine Learning with Python,"Cane, Alexander",https://annas-archive.org/md5/81337013154fbb0b85d265c9889841bd,81337013154fbb0b85d265c9889841bd,2020,https://s3proxy.cdn-zlib.sk//covers299/collections/userbooks/091886de8dfd55bda48ba91c975c9eefc56aefebe0fa9af149daf4236550cb8e.jpg,English [en],EPUB,2.1MB,2020,Book (non-fiction)
Python GUI Programming with PAGE: Create professional-looking GUIs for Python applications efficiently and effectively (English Edition),Gregory Walters,https://annas-archive.org/md5/edab0eced6191f90484569e2b86fbd4c,edab0eced6191f90484569e2b86fbd4c,"BPB Publications, 2023",https://s3proxy.cdn-zlib.sk//covers299/collections/userbooks/bd0f31a47561de6da4b10ffd3505f297f6464f25b54db58c2481cc97b29ac02a.jpg,English [en],PDF,24.6MB,2023,Book (non-fiction)
Python Programming Illustrated for Beginners and Intermediates: : Learn by Doing Approach-Step by Step Ultimate Guide to Mastering Python: the Future Is Here!,"Sullivan, William",https://annas-archive.org/md5/47e79fbe82d92728cfcc9f2ec23e597e,47e79fbe82d92728cfcc9f2ec23e597e,"Healthy Pragmatic Solutions Inc, Place of publication not identified, 2018",https://s3proxy.cdn-zlib.sk//covers299/collections/genesis/3426f69acd88b53eb81b0a955598240a798785f3298860dc6d3ccbedeb3e304e.jpg,English [en],AZW3,8.6MB,2018,Book (non-fiction)
DEEP LEARNING WITH PYTHON: Simple and Effective Tips and Tricks to Learn Deep Learning with Python,"Smith, Benjamin [Smith, Benjamin]",https://annas-archive.org/md5/af6020a5085b95f4c232f91f08d1f1fa,af6020a5085b95f4c232f91f08d1f1fa,2020,https://s3proxy.cdn-zlib.sk//covers299/collections/userbooks/b15fe752b1fb141c13595c79e0116663ff7297d1f97a5236e2d360d0d2462de8.jpg,English [en],EPUB,3.9MB,2020,Book (non-fiction)
PYTHON PROGRAMMING: PANDAS ACROSS EXAMPLES,CESAR PEREZ LOPEZ,https://annas-archive.org/md5/a337aa45f38876251f970cc599c9a817,a337aa45f38876251f970cc599c9a817,"CESAR PEREZ, 2023",https://s3proxy.cdn-zlib.sk//covers299/collections/genesis/1df9d10efa05011175969cd16131e37099a9038d8a94fabe72579e7df39beba1.jpg,English [en],EPUB,10.7MB,2023,Book (non-fiction)
Python Essentials 1: The Official OpenEDG Python Institute beginners course with practical exercises – learn the basics of Python in seven days and pass the PCEP certification exam,The OpenEDG Python Institute,https://annas-archive.org/md5/c95d97fe44af78e5e40883f51461e81f,c95d97fe44af78e5e40883f51461e81f,"Open Education and Development Group LLC, US, 2023",https://s3proxy.cdn-zlib.sk//covers299/collections/userbooks/ab74d1f96269ad45b48cf2eec1f54ba37928c3b32d76d5c5875d1942fec60f70.jpg,English [en],PDF,4.8MB,2023,Book (non-fiction)
Complete Guide For Python Programming: Quick & Easy Guide To Learn Python (Python Programming For Beginners Book 2),James P. Long,https://annas-archive.org/md5/e8397220c8002d888a0dc7c157da2050,e8397220c8002d888a0dc7c157da2050,"James P. Long, Python Programming For Beginners 2, 2015",https://s3proxy.cdn-zlib.sk//covers299/collections/userbooks/011b077ab08a7f018ccccb6fffa2618ae627a0e5e0951b8994e7df74e1ccfb45.jpg,English [en],MOBI,0.3MB,2015,Book (fiction)
"Django Python book: 3 in 1 - ""From Beginner to Pro: Mastering Web Development with Django and Python","Jones, Mason",https://annas-archive.org/md5/5259699fe0f2855194b13181ca1b7cb5,5259699fe0f2855194b13181ca1b7cb5,"Independently Published, 2024",https://s3proxy.cdn-zlib.sk//covers299/collections/userbooks/86dbcc26712527408f982e6b50940cfe68e167272fa28e4b63945d0a0dd0b833.jpg,English [en],EPUB,2.3MB,2024,Book (non-fiction)
Python for Beginners : An Essential Guide to Easy Learning with Basic Exercises : Python programming Crash Course for Data Analysis and for Beginner Hackers,Conley Walsh,https://annas-archive.org/md5/4e623dcdaedb8cab3e02ebb7de139c0e,4e623dcdaedb8cab3e02ebb7de139c0e,2019,https://s3proxy.cdn-zlib.sk//covers299/collections/genesis/675294333110c0f79d57bf82041d032a844f1a1905eb93507e286ed7b6471446.jpg,English [en],PDF,1.0MB,2019,Book (non-fiction)
Python Machine Learning: The Ultimate Beginner's Guide to Learn Python Machine Learning Step by Step Using Scikit-Learn and Tensorflow,"Turner, Ryan",https://annas-archive.org/md5/b8a770bb58f094bec9bd024d7565f832,b8a770bb58f094bec9bd024d7565f832,2019,https://s3proxy.cdn-zlib.sk//covers299/collections/genesis/9c8c1ab999100a73282ac8fb1ecb43b17ab5412d8ac39434432b6b3b21a312f4.jpg,English [en],PDF,2.4MB,2019,Book (non-fiction)
Web Data Mining with Python: Discover and extract information from the web using Python (English Edition),"Dr. Ranjana Rajnish, Dr. Meenakshi Srivastava",https://annas-archive.org/md5/c2444cf0013d5e15768968c6d6fecc9e,c2444cf0013d5e15768968c6d6fecc9e,"BPB Publications, BPB Online LLP, [N.p.], 2023",https://s3proxy.cdn-zlib.sk//covers299/collections/genesis/5b3257f9cd981a7fb58300c2e10efaf95e45b35a29b8c1e7ed80a88e781c3107.jpg,English [en],PDF,29.6MB,2023,Book (non-fiction)
PYTHON FOR BEGINNERS The Ultimate Step by Step Learning Guide for Beginners to Python Programming in the Best Optimal Way nodrm,Udemy,https://annas-archive.org/md5/03ea0dac1d55d266d2c138dfba271b74,03ea0dac1d55d266d2c138dfba271b74,N/A,https://s3proxy.cdn-zlib.sk//covers299/collections/genesis/003b6e26608a921759236f2aea7bfd654d7d6d8f58ab7ea6b5a19f20b6e9d91b.jpg,French [fr],English [en],EPUB,1.6MB,Book (non-fiction)
"PYTHON PROGRAMMING: 3 MANUSCRIPTS CRASH COURSE CODING WITH PYTHON DATA SCIENCE. THE STEP BY STEP GUIDE FOR BEGINNERS TO MASTER SOFTWARE PROJECTS, ALGORITHMS, TRICKS AND TIPS","Tacke, John; Matthes, Adrienne Hawkes",https://annas-archive.org/md5/5a13f05408917af8c0a336f0382f54f9,5a13f05408917af8c0a336f0382f54f9,2020,https://s3proxy.cdn-zlib.sk//covers299/collections/genesis/15579bc878c9c2b3219314910e556b4fa19d3fad6b2a2cc8efda50172efe7491.jpg,English [en],EPUB,3.4MB,2020,Book (non-fiction)
"Java Programming: Python Programming: Master Programming Guide: Learn In A Day Series (Python, Java, SQL, PHP, HTML, Ruby)","Swift, Os",https://annas-archive.org/md5/62a264de897e296f4178ebc29ad1392c,62a264de897e296f4178ebc29ad1392c,2016,https://s3proxy.cdn-zlib.sk//covers299/collections/userbooks/d401f61b31cbc083f070520cbfbf6c9f5b3b12d4992bef14e11370b8a1450fe0.jpg,English [en],EPUB,0.2MB,2016,Book (non-fiction)
PYTHON: 2 books in 1 : Learn python programming for beginners and machine learning,"Sanders, Willard D.",https://annas-archive.org/md5/07c31b2c7a66c68fef8a331d590950ee,07c31b2c7a66c68fef8a331d590950ee,2020,https://s3proxy.cdn-zlib.sk//covers299/collections/userbooks/c32c0abeb610e42cd61130de8c69bb4b2da1f5f11461afbd141cc2c5adaa6720.jpg,English [en],LIT,1.1MB,2020,Book (non-fiction)
Speed Up Your Python with Rust: Optimize Python performance by creating Python pip modules in Rust with PyO3,Maxwell Flitton,https://annas-archive.org/md5/a09e514df0d2b54e7d3cb1c0e1825b4c,a09e514df0d2b54e7d3cb1c0e1825b4c,"Packt Publishing, 2022",https://s3proxy.cdn-zlib.sk//covers299/collections/userbooks/7f33a62eac41f1cfc53aadc72555aa856f165033ee990be74505e86cfc4e1ba9.jpg,English [en],FB2,8.9MB,2022,Book (fiction)
"Deep Learning: Recurrent Neural Networks in Python: LSTM, GRU, and more RNN machine learning architectures in Python and Theano (Machine Learning in Python)",LazyProgrammer,https://annas-archive.org/md5/e7168d6fea1a7c501fdd3d688f20718a,e7168d6fea1a7c501fdd3d688f20718a,2016,https://s3proxy.cdn-zlib.sk//covers299/collections/userbooks/3409b754fdfbb59ebd0e7f90801f88778a11d5cdd608284a7819f139ca7bba6f.jpg,English [en],FB2,0.3MB,2016,Book (non-fiction)
Hacking  Hacking Practical Guide for Beginners (Hacking With Python),Jeff Simon & Hacking,https://annas-archive.org/md5/1cfc43e6dfe6912fc6a3ff386af08a26,1cfc43e6dfe6912fc6a3ff386af08a26,"CreateSpace Independent Publishing Platform, 2016",https://s3proxy.cdn-zlib.sk//covers299/collections/genesis/44d3c798bdf6412ec499ef31f9e2c9a23021edc44a07c16061d94d3136109eab.jpg,English [en],PDF,11.4MB,2016,Book (non-fiction)
Coffee Break Python Workbook: 127 Python Puzzles to Push You from Zero to Hero in Your Coffee Breaks,"Christian Mayer, Lukas Rieger, Zohaib Riaz",https://annas-archive.org/md5/52060fabdd2d9c30236904372d6fc5d3,52060fabdd2d9c30236904372d6fc5d3,"finxter.com, 2019",https://s3proxy.cdn-zlib.sk//covers299/collections/genesis/263f02654b204672332550924e0a89eeed67634d875c7e3406f97bde60ef69b9.jpg,English [en],PDF,4.7MB,2019,Book (non-fiction)
Network programmability and Automation with python: The Ultimate Guide to Network Programmability with Python!Python Scripting for Network Efficiency.Boost ... with Python,Katie Millie,https://annas-archive.org/md5/f2e54356222b700be0512355fbd91dea,f2e54356222b700be0512355fbd91dea,"Independently Published, 2024",https://s3proxy.cdn-zlib.sk//covers299/collections/userbooks/53ea370433e52a35e9139034cdb06e3bf011e6e55dcdd7d0ceb401a9d9776236.jpg,English [en],PDF,32.1MB,2024,Book (non-fiction)
Deep Learning with Python: Develop Deep Learning Models on Theano and TensorFLow Using Keras,Jason brownlee,https://annas-archive.org/md5/a7d1c0b2a05838001e68c723f055e089,a7d1c0b2a05838001e68c723f055e089,"Machine Learning Mastery, v1.7, 2016",https://s3proxy.cdn-zlib.sk//covers299/collections/genesis/1a4af2546bf5679aea56660fce3ece41c087433afd9d849dc4439ac443c075fe.jpg,English [en],PDF,4.9MB,2016,Book (non-fiction)
Web API Development with Python: A Beginner's Guide using Flask and FastAPI,"Haider, Rehan",https://annas-archive.org/md5/07f03032926af0a961f6d85aae38d018,07f03032926af0a961f6d85aae38d018,2021,https://s3proxy.cdn-zlib.sk//covers299/collections/genesis/41eb0d4392a3c603c422fa9339895fcbcbb32b74b1d3321c8e4de13f7ad42527.jpg,English [en],EPUB,1.5MB,2021,Book (non-fiction)
LEARN PYTHON QUICKLY AND PYTHON CODING EXERCISES: Coding For Beginners,"TAM, JJ",https://annas-archive.org/md5/65440257223dc4f961ace030675ad8da,65440257223dc4f961ace030675ad8da,2020,https://s3proxy.cdn-zlib.sk//covers299/collections/genesis/6016be36629dbe3cceb5cbd72c408dad40a4d1285c9b574719807370c2733bce.jpg,English [en],EPUB,1.8MB,2020,Book (non-fiction)
Real Python Part 1: Introduction to Python,Unknown,https://annas-archive.org/md5/edea68007bf990c4073d1cab1ce3085c,edea68007bf990c4073d1cab1ce3085c,GitBook,https://s3proxy.cdn-zlib.sk//covers299/collections/genesis/f4fe39d1417543e2dc2794464750b2bdc4021677afccdce1b5f2aa67149dbe54.jpg,English [en],EPUB,0.8MB,Book (non-fiction),/lgli/lgrs/nexusstc/upload/zlib
Mastering Python Design Patterns : Craft Essential Python Patterns by Following Core Design Principles,"Kamon Ayeva, Sakis Kasampalis",https://annas-archive.org/md5/5302300558dcce98c46b712fc56520d6,5302300558dcce98c46b712fc56520d6,"Packt Publishing, Limited, Packt Publishing, Birmingham, 2024",https://libgen.li/covers/6369000/5302300558dcce98c46b712fc56520d6.jpg,English [en],PDF,2.4MB,2024,Book (non-fiction)
"A Python Book: Beginning Python, Advanced Python, and Python Exercises",Dave Kuhlman,https://annas-archive.org/md5/cd2cb86351480a1ff50b95f008cc9552,cd2cb86351480a1ff50b95f008cc9552,2015,https://s3proxy.cdn-zlib.sk//covers299/collections/genesis/0029fbc4d912384daef6b4c9058de5a69dc9c71472f800baf312a3dbd7b801cf.jpg,English [en],PDF,1.4MB,2015,Book (non-fiction)
Web Scraping With Python: Collecting More Data From The Modern Web Collecting More Data From The Modern Web,"Mitchell, Ryan E. (author.)",https://annas-archive.org/md5/ed2e44a9af189bd8131ad4662f196abe,ed2e44a9af189bd8131ad4662f196abe,"O'Reilly Media, Incorporated, 2nd Edition, Beijing, Boston, Farnham, Sebastopol, Tokyo, Apr 14, 2018",https://s3proxy.cdn-zlib.sk//covers299/collections/genesis/3a732ef38a479e0bc43d738e93a735b2e5ba2d776d8773d6454c15f97f859cfc.jpg,English [en],PDF,4.9MB,2018,Book (non-fiction)
Everything About Python: Learn Coding Programs With Python Programming in a Simple Way: Python Programming,"Cinthia Moyd [Moyd, Cinthia]",https://annas-archive.org/md5/08c889b0740e78f02668365cc7344391,08c889b0740e78f02668365cc7344391,"#PrB.rating#0.0, 2021",https://s3proxy.cdn-zlib.sk//covers299/collections/userbooks/a32a5ec5088a2dd82b20479ead987efa4cb1025d24256da4ef72d4e94cd24321.jpg,English [en],EPUB,6.4MB,2021,Book (non-fiction)
Python in a nutshell [a desktop quick reference ; covers Python 2.2,"Alex Martelli, Anna Ravenscroft, Steve Holden",https://annas-archive.org/md5/339fd991553d1775167b43192993ee81,339fd991553d1775167b43192993ee81,"O'Reilly Media, Incorporated, 1, 2021",https://s3proxy.cdn-zlib.sk//covers299/collections/genesis/61838e665a5b89725c098b49ee30f702b6bd2ec0d50d52efd44142d44432ee58.jpg,English [en],EPUB,0.9MB,2021,Book (non-fiction)
Basic Python Skills: How to Learn Python Step-By-Step: Good Way to Learn Python,"Abel Proctor [Proctor, Abel]",https://annas-archive.org/md5/62f8e58ad4ea3ac57f919e84054bdb69,62f8e58ad4ea3ac57f919e84054bdb69,"Independently published, 2021",https://s3proxy.cdn-zlib.sk//covers299/collections/userbooks/e5f5eefe72c7318d571c681f33082de1fe16fd0f76c9e7d9b9d56c8edcef840e.jpg,English [en],EPUB,20.1MB,2021,Book (non-fiction)
"LEARN MICROPYTHON WITH ESP32: Python Programming, Raspberry Pi, Micro-python Modules, Bme280 Environment Sensor And More","Selvam, Jansa",https://annas-archive.org/md5/610f3057ec812c0d14bb9f163e39f201,610f3057ec812c0d14bb9f163e39f201,2022,https://s3proxy.cdn-zlib.sk//covers299/collections/userbooks/9682b7f185265d0c45ec2b2dfaf25c9c3f6e784aca34b9b115aa7ce1426aa8e4.jpg,English [en],PDF,38.4MB,2022,Book (non-fiction)
Python Programming: This Book Includes: Python for Beginners - Python for Data Science,"O'Reilly, Daniel",https://annas-archive.org/md5/280c82170fe96302b03765bc3283beeb,280c82170fe96302b03765bc3283beeb,2020,https://s3proxy.cdn-zlib.sk//covers299/collections/userbooks/266d5c7d6c9133e90a6ae8abce60756415594d8c7a7a9a6563796ed46c0f3477.jpg,English [en],EPUB,1.9MB,2020,Book (unknown)
"Learning in Python: Study Data Science and Machine Learning including Modern Neural Networks produced in Python, Theano, and TensorFlow","K.M. K [K, K.M.]",https://annas-archive.org/md5/6d2f373fc279658ec3afc85264201ca7,6d2f373fc279658ec3afc85264201ca7,2021,https://s3proxy.cdn-zlib.sk//covers299/collections/userbooks/7b10ff40a33835ff28bbc5a0777e1d3e7b402bb9cd4ce8346134e28ae7d1f8b7.jpg,English [en],MOBI,0.4MB,2021,Book (non-fiction)
Think Python - How to Think Like a Computer Scientist,Allen Downey,https://annas-archive.org/md5/9bed427014217a1b0b2f4fc8359c35e2,9bed427014217a1b0b2f4fc8359c35e2,"Green Tea Press, 2012",https://libgen.li/covers/5510000/9bed427014217a1b0b2f4fc8359c35e2.jpg,English [en],PDF,0.8MB,2012,Book (non-fiction)
"Programming for Beginners: 3 Manuscripts: The Complete Guide to Learning Python Crash Course, Python Machine Learning and Python Data Science in a Week","Lee, Andrew",https://annas-archive.org/md5/96cc485c2c9c3f06f432cec8422e40fb,96cc485c2c9c3f06f432cec8422e40fb,2021,https://s3proxy.cdn-zlib.sk//covers299/collections/userbooks/8cdc0678530db2981e0168bb50d0d6ba085297c2e4745c374478503ecdcf9ea8.jpg,English [en],FB2,3.9MB,2021,Book (non-fiction)
Python for (Absolute) Beginners: A Practical Introduction to Modern Python with Simple Hands-on Projects,Harry Yoon,https://annas-archive.org/md5/94d1efaa550a375b48fc187f901dfef4,94d1efaa550a375b48fc187f901dfef4,"Independently Published, Real Programming Lessons for Smart Learners, 2022",https://s3proxy.cdn-zlib.sk//covers299/collections/userbooks/a551c6a75a6a432d4083f47a647737855369f0598587bef37bfc75b62b631eb8.jpg,English [en],EPUB,3.9MB,2022,Book (non-fiction)
"Python编程 : 从入门到实践 = Python crash course : a hands-on, project-based introduction to programming",[美] Eric Matthes,https://annas-archive.org/md5/ea284b7ae3e001c18a640a72ca8d205b,ea284b7ae3e001c18a640a72ca8d205b,"人民邮电出版社, 2016-07-01",https://s3proxy.cdn-zlib.sk//covers299/collections/userbooks/d8a63fd8f9d624d6852889226af7da18b356bebff72b36e2b19531e2367fa3f8.jpg,Chinese [zh],English [en],AZW3,5.7MB,2016
Illustrated Guide to Python 3: A Complete Walkthrough of Beginning Python with Unique Illustrations Showing how Python Really Works,Matt Harrison,https://annas-archive.org/md5/2873b52fa2036199b5f37df54c471046,2873b52fa2036199b5f37df54c471046,2017,https://s3proxy.cdn-zlib.sk//covers299/collections/userbooks/2d830e9190bc7268dd0a11ae02103eff6b908703ce5a897517492c6736e9ca01.png,English [en],PDF,7.4MB,2017,Book (non-fiction)
PYTHON FOR BEGINNERS - 2 BOOKS IN 1: CODING FOR BEGINNERS USING PYTHON + PYTHON CRASH COURSE,"LUTZ, ERIC & MATTHES, MARK",https://annas-archive.org/md5/946ec47ed3cd27a2a60c20b688a70985,946ec47ed3cd27a2a60c20b688a70985,"CODING AND PROGRAMMING ACADEMY, 2020",https://s3proxy.cdn-zlib.sk//covers299/collections/userbooks/6950c641a1ba65a8663d7ef166b7e792b8f60597efdc97727cfca89013e61ad5.jpg,English [en],FB2,2.3MB,2020,Book (non-fiction)
Python Crash Course for Beginners: Learn Python programming from scratch with hands-on exercises in this beginner friendly Python book!,"Robert Kean [Kean, Robert]",https://annas-archive.org/md5/8857d8925d5da33093fb8d36023a54f9,8857d8925d5da33093fb8d36023a54f9,"UNKNOWN, 2020",https://s3proxy.cdn-zlib.sk//covers299/collections/userbooks/3a4ed734cc747a624bf27245609baebd7c39f77d39c201996d570ca565408760.jpg,English [en],AZW3,1.3MB,2020,Book (non-fiction)
PYTHON FOR BEGINNERS - 2 BOOKS IN 1: CODING FOR BEGINNERS USING PYTHON + PYTHON CRASH COURSE,"LUTZ, ERIC & MATTHES, MARK",https://annas-archive.org/md5/e25f8f8e857442ded2eb600731942914,e25f8f8e857442ded2eb600731942914,"CODING AND PROGRAMMING ACADEMY, 2020",https://s3proxy.cdn-zlib.sk//covers299/collections/userbooks/6950c641a1ba65a8663d7ef166b7e792b8f60597efdc97727cfca89013e61ad5.jpg,English [en],FB2,2.3MB,2020,Book (non-fiction)
PYTHON FOR BEGINNERS - 2 BOOKS IN 1: CODING FOR BEGINNERS USING PYTHON + PYTHON CRASH COURSE,"LUTZ, ERIC & MATTHES, MARK",https://annas-archive.org/md5/d489695aae86f0120e93788ca394899d,d489695aae86f0120e93788ca394899d,"CODING AND PROGRAMMING ACADEMY, 2020",https://s3proxy.cdn-zlib.sk//covers299/collections/userbooks/6950c641a1ba65a8663d7ef166b7e792b8f60597efdc97727cfca89013e61ad5.jpg,English [en],LIT,1.7MB,2020,Book (non-fiction)
Python for Everyone: Learn and Polish Your Coding Skills in Python (English Edition),Saurabh Chandrakar; Dr. Nilesh Bhaskarrao Bahadure,https://annas-archive.org/md5/b7e6df33303b3f91b72a4e8bb1a29b39,b7e6df33303b3f91b72a4e8bb1a29b39,"BPB Publications, S.l, 2023",https://s3proxy.cdn-zlib.sk//covers299/collections/genesis/e3a6544b4d847e9afffe0651e588a2f803aefd31c5d5de765769b2aa15216b8d.jpg,English [en],PDF,24.4MB,2023,Book (non-fiction)
Python: Data Analytics and Visualization,"Vo.T.H, Phuong et al.",https://annas-archive.org/md5/25d0bf5190a6cc9db6b906b0bb34d1d1,25d0bf5190a6cc9db6b906b0bb34d1d1,"Packt Publishing, 2017",https://s3proxy.cdn-zlib.sk//covers299/collections/genesis/63e431ee5d0008726ceb9fda9444b83e4ed88f4da59cee721e2626b7f65015c1.jpg,English [en],AZW3,33.7MB,2017,Book (non-fiction)
"Learn Python in a Weekend, Python for Beginners.",Sheridan Chris.,https://annas-archive.org/md5/a70ad82a8f08d9c06e858df16921ddc1,a70ad82a8f08d9c06e858df16921ddc1,"Lulu.com, PT, 2016",https://s3proxy.cdn-zlib.sk//covers299/collections/genesis/fc229c2a896c089b1c206af460d4c84052221d9587ddf03d6ce51c1c6615815d.jpg,English [en],EPUB,0.3MB,2016,Book (non-fiction)
Complete Guide For Python Programming: Quick & Easy Guide To Learn Python (Python Programming For Beginners Book 2),James P. Long,https://annas-archive.org/md5/f39bc3963e735d66d3d2f6932a0df475,f39bc3963e735d66d3d2f6932a0df475,"James P. Long, Python Programming For Beginners 2, 2015",https://s3proxy.cdn-zlib.sk//covers299/collections/userbooks/d139d54fc86c780264048c5ca2a3e2cebdcc98cb835685d173623e13c69fb25b.jpg,English [en],PDF,0.5MB,2015,Book (fiction)
Python源码剖析:深度探索动态语言核心技术,陈儒著 [陈儒著],https://annas-archive.org/md5/7e17e136f2ea9425aa316722bbd96b12,7e17e136f2ea9425aa316722bbd96b12,N/A,https://s3proxy.cdn-zlib.sk//covers299/collections/userbooks/044e6aeda3d456dd6b35892e3130701e3e4187b2ef9762d02d8209e6dfd271de.jpg,English [en],PDF,30.4MB,Book (fiction),/lgli/zlib
PYTHON: 2 books in 1 : Learn python programming for beginners and machine learning,"Sanders, Willard D.",https://annas-archive.org/md5/3eac16630df02d31e50325b6bb9c1203,3eac16630df02d31e50325b6bb9c1203,2020,https://s3proxy.cdn-zlib.sk//covers299/collections/userbooks/c32c0abeb610e42cd61130de8c69bb4b2da1f5f11461afbd141cc2c5adaa6720.jpg,English [en],AZW3,1.2MB,2020,Book (non-fiction)
"Java Programming: Python Programming: Master Programming Guide: Learn In A Day Series (Python, Java, SQL, PHP, HTML, Ruby)","Swift, Os",https://annas-archive.org/md5/41cc565810d48e7110f5380248929a05,41cc565810d48e7110f5380248929a05,2016,https://s3proxy.cdn-zlib.sk//covers299/collections/userbooks/732cfcd113c591098be7145790a24965c8b7b285ed189b4d7d14d84afe98185f.jpg,English [en],PDF,1.0MB,2016,Book (non-fiction)
DEEP LEARNING WITH PYTHON: Simple and Effective Tips and Tricks to Learn Deep Learning with Python,"Smith, Benjamin",https://annas-archive.org/md5/5a7c7893800bd187b77b03d9921e7064,5a7c7893800bd187b77b03d9921e7064,2020,https://s3proxy.cdn-zlib.sk//covers299/collections/userbooks/b15fe752b1fb141c13595c79e0116663ff7297d1f97a5236e2d360d0d2462de8.jpg,English [en],FB2,3.7MB,2020,Book (non-fiction)
DEEP LEARNING WITH PYTHON: Simple and Effective Tips and Tricks to Learn Deep Learning with Python,"Smith, Benjamin [Smith, Benjamin]",https://annas-archive.org/md5/a8261816596906c5bb6d90b057028d51,a8261816596906c5bb6d90b057028d51,2020,https://s3proxy.cdn-zlib.sk//covers299/collections/userbooks/b15fe752b1fb141c13595c79e0116663ff7297d1f97a5236e2d360d0d2462de8.jpg,English [en],LIT,2.7MB,2020,Book (non-fiction)
MACHINE LEARNING WITH PYTHON: Step by Step methods to master Machine Learning with Python,"Cane, Alexander",https://annas-archive.org/md5/772d8a3fc38dfd11b79634b6715a722a,772d8a3fc38dfd11b79634b6715a722a,2020,https://s3proxy.cdn-zlib.sk//covers299/collections/userbooks/091886de8dfd55bda48ba91c975c9eefc56aefebe0fa9af149daf4236550cb8e.jpg,English [en],FB2,2.9MB,2020,Book (non-fiction)
python for data analysis: the python crash course comprehensive the programming from the ground up to python,"cannon, jason",https://annas-archive.org/md5/d2b08b2aade09873e7e915cab80bb131,d2b08b2aade09873e7e915cab80bb131,2020,https://s3proxy.cdn-zlib.sk//covers299/collections/userbooks/31e697c62741b95c5a65e561b004980e5774b64fb147c0135cf59ac5fb9f3a17.jpg,English [en],FB2,5.3MB,2020,Book (non-fiction)
